Workbook

Sheet Data IPM 2023
A1: DATA FAKTOR-FAKTOR YANG MEMPENGARUHI INDEKS PEMBANGUNAN MANUSIA (IPM)
A2: ANTAR PROVINSI DI INDONESIA TAHUN 2023
A3: Sumber: Badan Pusat Statistik (BPS) Indonesia
A4: No | B4: Provinsi | C4: IPM (Y) | D4: Umur Harapan Hidup (X1) (tahun) | E4: Harapan Lama Sekolah (X2) (tahun) | F4: Rata-Rata Lama Sekolah (X3) (tahun) | G4: Pengeluaran Per Kapita (X4) (ribu Rp/tahun) | H4: % Penduduk Miskin (X5) (%) | I4: Tingkat Peng- angguran (X6) (%)
A5: 1 | B5: Aceh | C5: 74.19 | D5: 70 | E5: 14.49 | F5: 9.5 | G5: 9617 | H5: 14.45 | I5: 6.03
A6: 2 | B6: Sumatera Utara | C6: 73.82 | D6: 69.77 | E6: 13.43 | F6: 9.54 | G6: 11399 | H6: 8.15 | I6: 5.89
A7: 3 | B7: Sumatera Barat | C7: 73.8 | D7: 69.08 | E7: 14.07 | F7: 9.05 | G7: 10629 | H7: 5.95 | I7: 5.69
A8: 4 | B8: Riau | C8: 73.59 | D8: 71 | E8: 13 | F8: 9.01 | G8: 12963 | H8: 6.76 | I8: 4.2
A9: 5 | B9: Jambi | C9: 71.64 | D9: 70.97 | E9: 12.83 | F9: 8.44 | G9: 10478 | H9: 7.24 | I9: 4.58
A10: 6 | B10: Sumatera Selatan | C10: 70.9 | D10: 69.33 | E10: 12.49 | F10: 8.21 | G10: 10312 | H10: 11.75 | I10: 4.94
A11: 7 | B11: Bengkulu | C11: 72.16 | D11: 69.35 | E11: 13.84 | F11: 8.71 | G11: 9622 | H11: 14.01 | I11: 3.42
A12: 8 | B12: Lampung | C12: 70.45 | D12: 70.79 | E12: 12.28 | F12: 7.97 | G12: 9813 | H12: 11.11 | I12: 4.23
A13: 9 | B13: Kep. Bangka Belitung | C13: 74.09 | D13: 70.55 | E13: 12.45 | F13: 8.35 | G13: 13065 | H13: 4.52 | I13: 4.56
A14: 10 | B14: Kep. Riau | C14: 79.08 | D14: 71.27 | E14: 13.92 | F14: 10.56 | G14: 16040 | H14: 6 | I14: 6.8
A15: 11 | B15: DKI Jakarta | C15: 83.55 | D15: 73.74 | E15: 13.07 | F15: 11.27 | G15: 20255 | H15: 4.44 | I15: 7.45
A16: 12 | B16: Jawa Barat | C16: 74.24 | D16: 73.34 | E16: 12.76 | F16: 8.76 | G16: 11456 | H16: 7.44 | I16: 7.44
... A38: 34 | B38: Papua | C38: 61.39 | D38: 64.7 | E38: 11.25 | F38: 6.15 | G38: 7091 | H38: 26.03 | I38: 3.58
B39: Rata-Rata | C39: =AVERAGE(C5:C38) -> 72.416176 | D39: =AVERAGE(D5:D38) -> 69.78 | E39: =AVERAGE(E5:E38) -> 13.267941 | F39: =AVERAGE(F5:F38) -> 8.6944118 | G39: =AVERAGE(G5:G38) -> 11100.676 | H39: =AVERAGE(H5:H38) -> 10.133529 | I39: =AVERAGE(I5:I38) -> 4.6329412
A41: Keterangan:
A42: Y = Indeks Pembangunan Manusia (IPM) — Sumber: BPS, Publikasi IPM 2023
A43: X1 = Angka Harapan Hidup saat Lahir (AHH) dalam tahun — Sumber: BPS, Publikasi IPM 2023
A44: X2 = Harapan Lama Sekolah (HLS) dalam tahun — Sumber: BPS, Publikasi IPM 2023
A45: X3 = Rata-Rata Lama Sekolah (RLS) dalam tahun — Sumber: BPS, Publikasi IPM 2023
A46: X4 = Pengeluaran Per Kapita Disesuaikan (PPP) dalam ribu Rp/tahun — Sumber: BPS, Susenas 2023
A47: X5 = Persentase Penduduk Miskin (Maret 2023) — Sumber: BPS, Data Kemiskinan 2023
A48: X6 = Tingkat Pengangguran Terbuka / TPT (Februari 2023) — Sumber: BPS, Sakernas 2023

Sheet Statistik Deskriptif
A1: STATISTIK DESKRIPTIF — DATA IPM 34 PROVINSI INDONESIA TAHUN 2023
A2: Statistik | B2: IPM (Y) | C2: AHH (X1) | D2: HLS (X2) | E2: RLS (X3) | F2: Pengeluaran/Kapita (X4) | G2: % Miskin (X5) | H2: TPT (X6)
A3: N (Observasi) | B3: 34 | C3: 34 | D3: 34 | E3: 34 | F3: 34 | G3: 34 | H3: 34
A4: Rata-Rata | B4: =AVERAGE('Data IPM 2023'!C5:C38) -> 72.416176 | C4: =AVERAGE('Data IPM 2023'!D5:D38) -> 69.78 | D4: =AVERAGE('Data IPM 2023'!E5:E38) -> 13.267941 | E4: =AVERAGE('Data IPM 2023'!F5:F38) -> 8.6944118 | F4: =AVERAGE('Data IPM 2023'!G5:G38) -> 11100.676 | G4: =AVERAGE('Data IPM 2023'!H5:H38) -> 10.133529 | H4: =AVERAGE('Data IPM 2023'!I5:I38) -> 4.6329412
A5: Maksimum | B5: =MAX('Data IPM 2023'!C5:C38) -> 83.55 | C5: =MAX('Data IPM 2023'!D5:D38) -> 74.8 | D5: =MAX('Data IPM 2023'!E5:E38) -> 15.7 | E5: =MAX('Data IPM 2023'!F5:F38) -> 11.27 | F5: =MAX('Data IPM 2023'!G5:G38) -> 20255 | G5: =MAX('Data IPM 2023'!H5:H38) -> 26.03 | H5: =MAX('Data IPM 2023'!I5:I38) -> 7.52
A6: Minimum | B6: =MIN('Data IPM 2023'!C5:C38) -> 61.39 | C6: =MIN('Data IPM 2023'!D5:D38) -> 63.62 | D6: =MIN('Data IPM 2023'!E5:E38) -> 11.25 | E6: =MIN('Data IPM 2023'!F5:F38) -> 6.15 | F6: =MIN('Data IPM 2023'!G5:G38) -> 7047 | G6: =MIN('Data IPM 2023'!H5:H38) -> 4.25 | H6: =MIN('Data IPM 2023'!I5:I38) -> 2.44
A7: Std. Deviasi | B7: =STDEV('Data IPM 2023'!C5:C38) -> 4.5355699 | C7: =STDEV('Data IPM 2023'!D5:D38) -> 2.8530653 | D7: =STDEV('Data IPM 2023'!E5:E38) -> 0.79575685 | E7: =STDEV('Data IPM 2023'!F5:F38) -> 1.0002914 | F7: =STDEV('Data IPM 2023'!G5:G38) -> 2759.0789 | G7: =STDEV('Data IPM 2023'!H5:H38) -> 5.1976591 | H7: =STDEV('Data IPM 2023'!I5:I38) -> 1.4156346

Sheet Panduan & Sumber Data
A1: PANDUAN PENGAMBILAN DATA — SUMBER BPS INDONESIA
A2: Variabel | B2: Keterangan | C2: Tahun Data | D2: Link Sumber BPS
A3: Y: IPM | B3: Indeks Pembangunan Manusia per Provinsi (metode baru, rata-rata geometrik) | C3: 2023 | D3: https://www.bps.go.id/indicator/26/494/1/
A4: X1: AHH | B4: Angka Harapan Hidup saat Lahir (tahun) Komponen kesehatan IPM | C4: 2023 | D4: https://www.bps.go.id/indicator/26/415/1/
A5: X2: HLS | B5: Harapan Lama Sekolah (tahun) Komponen pendidikan IPM | C5: 2023 | D5: https://www.bps.go.id/indicator/26/493/1/
A6: X3: RLS | B6: Rata-Rata Lama Sekolah (tahun) Komponen pendidikan IPM | C6: 2023 | D6: https://www.bps.go.id/indicator/26/416/1/
A7: X4: Pengeluaran/Kapita | B7: Pengeluaran Per Kapita Disesuaikan (ribu Rp/tahun) Komponen ekonomi IPM — dari Susenas | C7: 2023 | D7: https://www.bps.go.id/indicator/26/416/1/
A8: X5: % Kemiskinan | B8: Persentase Penduduk Miskin per Provinsi Data Maret 2023 — dari Susenas | C8: Maret 2023 | D8: https://www.bps.go.id/subject/23/kemiskinan-dan-ketimpangan.html
A9: X6: TPT | B9: Tingkat Pengangguran Terbuka (%) Angkatan kerja yang mencari pekerjaan — dari Sakernas | C9: Feb 2023 | D9: https://www.bps.go.id/indicator/6/543/1/
